{
    "$schema": "http://schema.management.azure.com/schemas/2015-01-01/deploymentTemplate.json#",
    "contentVersion": "1.0.0.0",
    "parameters": {
        "location": {
            "type": "string"
        },
        "networkInterfaceName": {
            "type": "string"
        },
        "subnetName": {
            "type": "string"
        },
        "virtualNetworkId": {
            "type": "string"
        },
        "virtualMachineName": {
            "type": "string"
        },
        "virtualMachineComputerName": {
            "type": "string"
        },
        "virtualMachineRG": {
            "type": "string"
        },
        "osDiskType": {
            "type": "string"
        },
        "virtualMachineSize": {
            "type": "string"
        },
        "adminUsername": {
            "type": "string"
        },
        "adminPassword": {
            "type": "secureString"
        },
        "customData": {
            "type": "secureString"
        },
        "autoShutdownStatus": {
            "type": "string"
        },
        "autoShutdownTime": {
            "type": "string"
        },
        "autoShutdownTimeZone": {
            "type": "string"
        },
        "autoShutdownNotificationStatus": {
            "type": "string"
        },
        "autoShutdownNotificationLocale": {
            "type": "string"
        }
    },
    "variables": {
        "vnetId": "[parameters('virtualNetworkId')]",
        "subnetRef": "[concat(variables('vnetId'), '/subnets/', parameters('subnetName'))]"
    },
    "resources": [
        {
            "name": "[parameters('networkInterfaceName')]",
            "type": "Microsoft.Network/networkInterfaces",
            "apiVersion": "2018-10-01",
            "location": "[parameters('location')]",
            "dependsOn": [],
            "properties": {
                "ipConfigurations": [
                    {
                        "name": "ipconfig1",
                        "properties": {
                            "subnet": {
                                "id": "[variables('subnetRef')]"
                            },
                            "privateIPAllocationMethod": "Dynamic"
                        }
                    }
                ]
            }
        },
        {
            "name": "[parameters('virtualMachineName')]",
            "type": "Microsoft.Compute/virtualMachines",
            "apiVersion": "2020-06-01",
            "location": "[parameters('location')]",
            "dependsOn": [
                "[concat('Microsoft.Network/networkInterfaces/', parameters('networkInterfaceName'))]"
            ],
            "properties": {
                "hardwareProfile": {
                    "vmSize": "[parameters('virtualMachineSize')]"
                },
                "storageProfile": {
                    "osDisk": {
                        "createOption": "fromImage",
                        "managedDisk": {
                            "storageAccountType": "[parameters('osDiskType')]"
                        }
                    },
                    "imageReference": {
                        "publisher": "RedHat",
                        "offer": "RHEL",
                        "sku": "7.7",
                        "version": "latest"
                    }
                },
                "networkProfile": {
                    "networkInterfaces": [
                        {
                            "id": "[resourceId('Microsoft.Network/networkInterfaces', parameters('networkInterfaceName'))]"
                        }
                    ]
                },
                "osProfile": {
                    "computerName": "[parameters('virtualMachineComputerName')]",
                    "adminUsername": "[parameters('adminUsername')]",
                    "adminPassword": "[parameters('adminPassword')]",
                    "customData": "[parameters('customData')]"
                },
                "diagnosticsProfile": {
                    "bootDiagnostics": {
                        "enabled": true
                    }
                }
            }
        },
        {
            "name": "[concat('shutdown-computevm-', parameters('virtualMachineName'))]",
            "type": "Microsoft.DevTestLab/schedules",
            "apiVersion": "2017-04-26-preview",
            "location": "[parameters('location')]",
            "dependsOn": [
                "[concat('Microsoft.Compute/virtualMachines/', parameters('virtualMachineName'))]"
            ],
            "properties": {
                "status": "[parameters('autoShutdownStatus')]",
                "taskType": "ComputeVmShutdownTask",
                "dailyRecurrence": {
                    "time": "[parameters('autoShutdownTime')]"
                },
                "timeZoneId": "[parameters('autoShutdownTimeZone')]",
                "targetResourceId": "[resourceId('Microsoft.Compute/virtualMachines', parameters('virtualMachineName'))]",
                "notificationSettings": {
                    "status": "[parameters('autoShutdownNotificationStatus')]",
                    "notificationLocale": "[parameters('autoShutdownNotificationLocale')]",
                    "timeInMinutes": "30"
                }
            }
        }
    ],
    "outputs": {
        "adminUsername": {
            "type": "string",
            "value": "[parameters('adminUsername')]"
        }
    }
}